Cluster,Percentile,x,y
0,97.129942,0,0
4,2.058776,0,0
6,0.268292,0,0
5,0.427425,0,0
1,0.111408,0,0
2,0.004091,0,0
7,0.000066,0,0
